<?xml version="1.0" encoding="UTF-8"?>

<!-- 
 * PopulateDatabase.xml
 *
 * Copyright (C) 2017 Universidad de Sevilla
 * 
 * The use of this project is hereby constrained to the conditions of the 
 * TDG Licence, a copy of which you may download from 
 * http://www.tdg-seville.info/License.html
 -->

<beans xmlns="http://www.springframework.org/schema/beans"
	xmlns:xsi="http://www.w3.org/2001/XMLSchema-instance"
	xsi:schemaLocation="
		http://www.springframework.org/schema/beans http://www.springframework.org/schema/beans/spring-beans.xsd
	">
	
	<!-- User accounts -->

	<bean id="userAccount1" class="security.UserAccount">
		<property name="username" value="admin" />
		<property name="password" value="21232f297a57a5a743894a0e4a801fc3" />
		<property name="authorities">
			<list>
				<bean class="security.Authority">
					<property name="authority" value="ADMIN" />
				</bean>
			</list>
		</property>
	</bean>

	<!-- Other domain beans come here -->
	
	<!-- Fee -->
	
	<bean id="fee" class="domain.Fee">
		<property name="value" value="1.00"/>
	</bean>
	
	<!-- VATNumber -->
	
	<bean id="vatNumber" class="domain.VATNumber">
		<property name="value" value="ES-78245688"/>
	</bean>
	
	 <!-- Admin -->
	 
	 <bean id="admin" class="domain.Administrator">
		<property name="name" value="Manuel" />
		<property name="surname" value="Torres" />
		<property name="email" value="manuto@gmail.com" />
		<property name="phone" value="+34 965845789" />
		<property name="address" value="C/Sagasta nº23" />
		<property name="userAccount" ref="userAccount1"/>
	 </bean>
	 

	
</beans>