<?xml version="1.0" encoding="UTF-8"?>

<!-- 
 * converters.xml
 *
 * Copyright (C) 2017 Universidad de Sevilla
 * 
 * The use of this project is hereby constrained to the conditions of the 
 * TDG Licence, a copy of which you may download from 
 * http://www.tdg-seville.info/License.html
 -->

<beans xmlns="http://www.springframework.org/schema/beans"
	xmlns:xsi="http://www.w3.org/2001/XMLSchema-instance" xmlns:util="http://www.springframework.org/schema/util"
	xsi:schemaLocation="
		http://www.springframework.org/schema/beans http://www.springframework.org/schema/beans/spring-beans-4.0.xsd		
		http://www.springframework.org/schema/util http://www.springframework.org/schema/util/spring-util-4.0.xsd		
	">

	<util:list id="converters">
		<!-- 
			Add your own converters using entries of the following form: 
			<bean class="converters.Class1ToClass2" /> 
		-->
		
		<bean class="converters.ActorToStringConverter" />
		<bean class="converters.StringToActorConverter" />
		
		<bean class="converters.AdministratorToStringConverter" />
		<bean class="converters.StringToAdministratorConverter" />
		
		<bean class="converters.CategoryToStringConverter" />
		<bean class="converters.StringToCategoryConverter" />
		
		<bean class="converters.CommentToStringConverter" />
		<bean class="converters.StringToCommentConverter" />
		
		<bean class="converters.CriticToStringConverter" />
		<bean class="converters.StringToCriticConverter" />
		
		<bean class="converters.FeeToStringConverter" />
		<bean class="converters.StringToFeeConverter" />
		
		<bean class="converters.InvoiceToStringConverter" />
		<bean class="converters.StringToInvoiceConverter" />
		
		<bean class="converters.ManagerToStringConverter" />
		<bean class="converters.StringToManagerConverter" />
		
		<bean class="converters.MealOrderToStringConverter" />
		<bean class="converters.StringToMealOrderConverter" />
		
		<bean class="converters.MealToStringConverter" />
		<bean class="converters.StringToMealConverter" />
		
		<bean class="converters.MonthlyBillToStringConverter" />
		<bean class="converters.StringToMonthlyBillConverter" />
		
		<bean class="converters.PromoteToStringConverter" />
		<bean class="converters.StringToPromoteConverter" />
		
		<bean class="converters.QuantityToStringConverter" />
		<bean class="converters.StringToQuantityConverter" />
		
		<bean class="converters.RelationDislikeToStringConverter" />
		<bean class="converters.StringToRelationDislikeConverter" />
		
		<bean class="converters.RelationLikeToStringConverter" />
		<bean class="converters.StringToRelationLikeConverter" />
		
		<bean class="converters.ReporterToStringConverter" />
		<bean class="converters.StringToReporterConverter" />
		
		<bean class="converters.ReportToStringConverter" />
		<bean class="converters.StringToReportConverter" />
		
		<bean class="converters.RestaurantToStringConverter" />
		<bean class="converters.StringToRestaurantConverter" />
		
		<bean class="converters.ReviewToStringConverter" />
		<bean class="converters.StringToReviewConverter" />
		
		<bean class="converters.SocialIdentityToStringConverter" />
		<bean class="converters.StringToSocialIdentityConverter" />
		
		<bean class="converters.UserToStringConverter" />
		<bean class="converters.StringToUserConverter" />
		
		<bean class="converters.VATNumberToStringConverter" />
		<bean class="converters.StringToVATNumberConverter" />
		
		<bean class="converters.UserAccountToStringConverter" />
		<bean class="converters.StringToUserAccountConverter" />
		
		<bean class="converters.AuthorityToStringConverter" />
		<bean class="converters.StringToAuthorityConverter" />
		
	</util:list>
	
</beans>