<?xml version="1.0" encoding="UTF-8"?>

<!-- 
 * security.xml
 *
 * Copyright (C) 2017 Universidad de Sevilla
 * 
 * The use of this project is hereby constrained to the conditions of the 
 * TDG Licence, a copy of which you may download from 
 * http://www.tdg-seville.info/License.html
 -->

<beans xmlns="http://www.springframework.org/schema/beans"
	xmlns:xsi="http://www.w3.org/2001/XMLSchema-instance" xmlns:security="http://www.springframework.org/schema/security"	
	xsi:schemaLocation="
		http://www.springframework.org/schema/beans http://www.springframework.org/schema/beans/spring-beans-4.0.xsd		
        http://www.springframework.org/schema/security http://www.springframework.org/schema/security/spring-security-3.2.xsd
    ">

	<!-- Security infrastructure -->

	<bean id="loginService" class="security.LoginService" />

	<bean id="passwordEncoder"
		class="org.springframework.security.authentication.encoding.Md5PasswordEncoder" />

	<!-- Access control -->

	<security:http auto-config="true" use-expressions="true">
		<security:intercept-url pattern="/" access="permitAll" /> 

		<security:intercept-url pattern="/favicon.ico" access="permitAll" /> 
		<security:intercept-url pattern="/images/**" access="permitAll" /> 
		<security:intercept-url pattern="/scripts/**" access="permitAll" /> 
		<security:intercept-url pattern="/styles/**" access="permitAll" /> 

		<security:intercept-url pattern="/views/misc/index.jsp" access="permitAll" /> 

		<security:intercept-url pattern="/security/login.do" access="permitAll" /> 
		<security:intercept-url pattern="/security/loginFailure.do" access="permitAll" /> 

		<security:intercept-url pattern="/welcome/index.do" access="permitAll" /> 
		
		<security:intercept-url pattern="/managerActor/register.do" access="permitAll" /> 
		<security:intercept-url pattern="/user/register.do" access="permitAll" /> 
		
		<security:intercept-url pattern="/managerActor/display.do" access="hasRole('MANAGER')" /> 
		<security:intercept-url pattern="/managerActor/edit.do" access="hasRole('MANAGER')" /> 
		<security:intercept-url pattern="/user/display.do" access="hasRole('USER')" /> 
		<security:intercept-url pattern="/user/edit.do" access="hasRole('USER')" /> 

		<security:intercept-url pattern="/administrator/dashboard.do" access="hasRole('ADMIN')" />
		<security:intercept-url pattern="/managerActor/dashboard.do" access="hasRole('MANAGER')" />

		<security:intercept-url pattern="/managerActor/promote/**" access="hasRole('MANAGER')" />
		<security:intercept-url pattern="/socialIdentity/**" access="hasRole('MANAGER')" />

		<security:intercept-url pattern="/administrator/monthlyBill/**" access="hasRole('ADMIN')" />
		<security:intercept-url pattern="/administrator/fee/**" access="hasRole('ADMIN')" />
		<security:intercept-url pattern="/administrator/vatNumber/**" access="hasRole('ADMIN')" />
		<security:intercept-url pattern="/misc/lopd.do" access="permitAll" />

		<security:intercept-url pattern="/customer/action-1.do" access="hasRole('CUSTOMER')" /> 
		<security:intercept-url pattern="/customer/action-2.do" access="hasRole('CUSTOMER')" /> 
		
		<security:intercept-url pattern="/critic/review/**" access="hasRole('CRITIC')" /> 
		<security:intercept-url pattern="/critic/register.do" access="hasRole('ADMIN')" /> 
		
		<security:intercept-url pattern="/administrator/banUnban/browse.do" access="hasRole('ADMIN')" /> 
		<security:intercept-url pattern="/administrator/banUnban/browseBanned.do" access="hasRole('ADMIN')" /> 
		<security:intercept-url pattern="/administrator/banUnban/commentReported.do" access="hasRole('ADMIN')" /> 
		<security:intercept-url pattern="/administrator/banUnban/ban.do" access="hasRole('ADMIN')" /> 
		<security:intercept-url pattern="/administrator/banUnban/unban.do" access="hasRole('ADMIN')" /> 
		<security:intercept-url pattern="/administrator/banUnban/deleteReport.do" access="hasRole('ADMIN')" /> 
				
		<security:intercept-url pattern="/managerActor/meal/**" access="hasRole('MANAGER')" /> 
		<security:intercept-url pattern="/managerActor/category/**" access="hasRole('MANAGER')" /> 
		<security:intercept-url pattern="/managerActor/restaurant/**" access="hasRole('MANAGER')" /> 
		<security:intercept-url pattern="/managerActor/monthlyBill/**" access="hasRole('MANAGER')" />
		<security:intercept-url pattern="/restaurant/display.do" access="permitAll" /> 
		<security:intercept-url pattern="/restaurant/browse.do" access="permitAll" />
		<security:intercept-url pattern="/meal/browse.do" access="permitAll" />
		<security:intercept-url pattern="/restaurant/search.do" access="permitAll" /> 
		
		<security:intercept-url pattern="/mealOrder/step.do" access="hasRole('MANAGER')" />
		<security:intercept-url pattern="/mealOrder/browseByUser.do" access="hasRole('USER')" />
		<security:intercept-url pattern="/mealOrder/browseCurrentlyByUser.do" access="hasRole('USER')" />
		<security:intercept-url pattern="/mealOrder/display.do" access="hasAnyRole('USER','MANAGER')" />
		
		<security:intercept-url pattern="/mealOrder/browseByManager.do" access="hasRole('MANAGER')" />
		<security:intercept-url pattern="/mealOrder/browseCurrentlyByManager.do" access="hasRole('MANAGER')" />
		
		<security:intercept-url pattern="/invoice/list.do" access="hasRole('USER')" />
		<security:intercept-url pattern="/invoice/display.do" access="hasRole('USER')" />
		
		<security:intercept-url pattern="/user/review/like/create.do" access="hasRole('USER')" />
		<security:intercept-url pattern="/user/review/like/delete.do" access="hasRole('USER')" />
		<security:intercept-url pattern="/user/review/dislike/create.do" access="hasRole('USER')" />
		<security:intercept-url pattern="/user/review/dislike/delete.do" access="hasRole('USER')" />
		<security:intercept-url pattern="/user/comment/create.do" access="hasRole('USER')" />
		<security:intercept-url pattern="/user/comment/edit.do" access="hasRole('USER')" />
		<security:intercept-url pattern="/report/edit.do" access="hasAnyRole('USER','MANAGER')" />
		<security:intercept-url pattern="/user/mealOrder/morder.do" access="hasRole('USER')" />
		<security:intercept-url pattern="/user/mealOrder/delete.do" access="hasRole('USER')" />
		<security:intercept-url pattern="/user/quantity/add.do" access="hasRole('USER')" />
		<security:intercept-url pattern="/user/quantity/edit.do" access="hasRole('USER')" />
		<security:intercept-url pattern="/user/quantity/delete.do" access="hasRole('USER')" />
		<security:intercept-url pattern="/user/mealOrder/edit.do" access="hasRole('USER')" />
		<security:intercept-url pattern="/review/browse.do" access="permitAll" /> 
		<security:intercept-url pattern="/review/display.do" access="permitAll" /> 
		<security:intercept-url pattern="/critic/display.do" access="permitAll" /> 
		<security:intercept-url pattern="/user/displayById.do" access="permitAll" /> 

		<security:intercept-url pattern="/profile/action-1.do" access="isAuthenticated()" /> 
		<security:intercept-url pattern="/profile/action-2.do" access="isAuthenticated()" /> 
		<security:intercept-url pattern="/profile/action-3.do" access="isAuthenticated()" /> 
	
		<security:intercept-url pattern="/**" access="hasRole('NONE')" />

		<security:form-login 
			login-page="/security/login.do"
			password-parameter="password" 
			username-parameter="username"
			authentication-failure-url="/security/loginFailure.do" />

		<security:logout 
			logout-success-url="/" 
			invalidate-session="true" />
	</security:http>

</beans>